Name,Address,Votes,Rating,cost,Longitude,Latitude,Category,City
"Hobbit Cafe
                                    "," 2243 Richmond Avenue, Houston 77098",539 votes,4.6,Cost for two:$30,,,American,Houston
"Barnaby's Cafe
                                    "," 414 W Gray Street, Houston 77019",502 votes,4.9,Cost for two:$30,,,American,Houston
"Lankford Grocery
                                    "," 88 Dennis Street, Houston 77006",440 votes,4.9,Cost for two:$25,,,American,Houston
"Brasil
                                    "," 2604 Dunlavy Street, Houston 77006",395 votes,4.6,Cost for two:$45,,,American,Houston
"Benjy's
                                    "," 2424 Dunstan Road, Houston 77005",397 votes,4.4,Cost for two:$95,,,American,Houston
"Onion Creek
                                    ", 3106 White Oak Boulevard 77007,",",4.5,Cost for two:$30,,,American,Houston
"MAX's Wine Dive
                                    ", 4720 Washington Avenue B 77007,",",4.2,Cost for two:$40,,,American,Houston
"Mosquito Caf√©
                                    "," 628 14th Street, East End Historic District 77550",273 votes,4.7,Cost for two:$75,,,American,Houston
"Jus' Mac
                                    "," 2617 Yale Street, Houston 77008",186 votes,4.4,Cost for two:$30,,,American,Houston
"BJ's Restaurant & Brewhouse
                                    ", 515 West Bay Area Boulevard 77598,",",4.3,Cost for two:$45,,,American,Houston
"Houston's
                                    "," 4848 Kirby Drive, Houston 77098",195 votes,4.3,Cost for two:$90,,,American,Houston
"Cedar Creek
                                    ", 1034 W 20th Street 77008,",",4.1,Cost for two:$60,,,American,Houston
"T-Bone Tom's
                                    "," 707 Hwy 146, Kemah 77565",186 votes,4.1,Cost for two:$25,,,American,Houston
"Yard House
                                    ", 800 Sorella Ct 77024,",",4.1,Cost for two:$75,,,American,Houston
"EATcetera
                                    ", 408 25th Street 77550,17 votes,3.4,Cost for two:$25,,,American,Houston
"Clementine's
                                    "," 6448 Farm to Market 1960 Road W, Houston 77069",16 votes,3.4,Cost for two:$25,,,American,Houston
"Swanny's Bar & Grill
                                    "," 6224 Theall Road, Houston 77066",8 votes,3.2,Cost for two:$25,,,American,Houston
"Eloise Nichols Grill & Liquors
                                    "," 2400 Mid Lane, Suite100, Houston 77027",",",3,Cost for two:$30,,,American,Houston
"Barnaby‚Äôs Cafe
                                    "," 2802 White Oak Drive, Houston 77007",16 votes,3.3,Cost for two:$50,,,American,Houston
"Pine Street Cafe at Silver Sycamore
                                    "," 5111 Pine Avenue, Golden Acres 77503",8 votes,3.8,Cost for two:$25,,,American,Houston
"Stadia Sports Grill
                                    "," 9595 Six Pines Drive, Suite 1110, The Woodlands 77380",",",3.3,Cost for two:$75,,,American,Houston
"Wings n' More
                                    "," 13516 Interstate 10 East Fwy, Houston 77015",6 votes,3.6,Cost for two:$25,,,American,Houston
"FM Kitchen and Bar
                                    ", 1112 Shepherd Drive 77007,",",2.8,Cost for two:$45,,,American,Houston
"Waffle House
                                    ", 728 N Sam Houston Pkwy East 77060,10 votes,3.6,Cost for two:$25,,,American,Houston
"Press Box
                                    "," 2401 Post Office Street, Galveston 77550",",",3.6,Cost for two:$25,,,American,Houston
"Dairy Land
                                    ", 1300 S Gordon Street 77511,5 votes,3.6,Cost for two:$25,,,American,Houston
"Alamo Bar & Grill
                                    ", 7846 Fallbrook Drive 77086,",",3.2,Cost for two:$25,,,American,Houston
"Brookstreet BBQ
                                    "," 10705 Westheimer Rd, Houston 77042",19 votes,3.5,Cost for two:$25,,,American,Houston
"Reef
                                    "," 2600 Travis Street, Houston 77006",423 votes,4.3,Cost for two:$105,,,American,Houston
"The Cheesecake Factory
                                    "," 5015 Westheimer Road, Houston 77056",334 votes,4.3,Cost for two:$75,,,American,Houston
"The Spot
                                    ", 3204 Seawall Boulevard 77550,325 votes,4.4,Cost for two:$25,,,American,Houston
"J&M Barbeque & Catering
                                    "," 7446 Martin Luther King Junior Boulevard, Houston 77033",Cuisines: ,,Cost for two:$75,,,American,Houston
"Mel's Country Cafe
                                    ", 24814 Stanolind Road 77375,298 votes,4.9,Cost for two:$35,,,American,Houston
"Gaido's Seafood Restaurant
                                    ", 3802 Seawall Boulevard 77550,",",4.1,Cost for two:$95,,,American,Houston
"Bubba's Texas Burger Shack
                                    ", 5230 Westpark Drive 77056,247 votes,4.8,Cost for two:$20,,,American,Houston
"Balls Out Burger
                                    "," 1603 North Durham Drive, Houston 77008",Cuisines: ,,Cost for two:$25,,,American,Houston
"Fuddruckers
                                    "," 8510 Creekside Forest Dr. E-200, Tomball 77375",Cuisines: ,,Cost for two:$25,,,American,Houston
"J&M HOT MEALS
                                    ", 11555 Cullen Boulevard 77047,Cuisines: ,,Cost for two:$25,,,American,Houston
"Krisp Bird & Batter
                                    ", 5922 Richmond Avenue 77057,Cuisines: ,,Cost for two:$25,,,American,Houston
"Revi's Grill & Family Restaurant
                                    ", 15202 Mason Road 77433,Cuisines: ,,Cost for two:$40,,,American,Houston
"Slim Chickens
                                    ", 6507 Farm to Market 2920 77379,Cuisines: ,,Cost for two:$40,,,American,Houston
"TG's Cravings
                                    "," 16338 Kensington Drive, Sugar Land 77479",Cuisines: ,,Cost for two:$75,,,American,Houston
"Dark Side Of The Spoon Rock Cafe
                                    "," 30420 FM 2978, The Woodlands 77354",Cuisines: ,,Cost for two:$25,,,American,Houston
"Huddle House
                                    ", 24110 FM 2100 Suite 100,",",,Cost for two:$20,,,American,Houston
"Seven River Oaks
                                    "," 2207 Richmond Ave, Houston 77098",Cuisines: ,,Cost for two:$150,,,American,Houston
"Potato Corner
                                    "," 5015 Westheimer Road, Houston 77056",Cuisines: ,,Cost for two:$15,,,American,Houston
"Shamrock Inn Pub
                                    "," 9161 South Gessner Road, Houston 77074",Cuisines: ,,Cost for two:$25,,,American,Houston
"Tilted Kilt
                                    "," 2481 South Gulf Freeway, Houston",Cuisines: ,,Cost for two:$20,,,American,Houston
"Texas Borders Bar & Grill 1093
                                    ", 26440 FM 1093 Road 400,Cuisines: ,,Cost for two:$35,,,American,Houston
"Hot Dogs Express Food Cart
                                    "," 8320 FM 1960 Road West, Houston 77070",Cuisines: ,,Cost for two:$15,,,American,Houston
"Fuego's Saloon
                                    "," 817 Durham Dr, Houston",Cuisines: ,,Cost for two:$30,,,American,Houston
"Frenchy's Chicken
                                    "," 202 Sawdust Road, Spring 77380",Cuisines: ,,Cost for two:$20,,,American,Houston
"Kathy's Country Kitchen
                                    "," 23115 Hwy 36, Damon 77430",Cuisines: ,,Cost for two:$25,,,American,Houston
"Juanito's Mexican Restaurant
                                    "," 2536 S Grand Boulevard, Pearland 77581",25 votes,3.7,Cost for two:$25,,,American,Houston
"House of Fries
                                    "," 5322 Antoine Drive, Houston 77091",18 votes,3.6,Cost for two:$25,,,American,Houston
"Best Burger
                                    "," 2203 S Main St, Stafford 77477",18 votes,3.9,Cost for two:$25,,,American,Houston
"Someburger Hamburgers
                                    "," 900 Decker Dr, Baytown 77520",21 votes,3.7,Cost for two:$25,,,American,Houston
"Mom's Kountry Cafe
                                    ", 226 Dell Dale Street 77530,16 votes,3.6,Cost for two:$25,,,American,Houston
"Charlie's BBQ
                                    "," 8222 Airline Drive, Houston 77037",19 votes,3.9,Cost for two:$75,,,American,Houston
"Busy Bee Cafe
                                    "," 4009 Broadway Street, Pearland 77581",21 votes,3.3,Cost for two:$25,,,American,Houston
"5.ATE Cafe
                                    ", 403 East Louetta Road 77373,10 votes,3.3,Cost for two:$25,,,American,Houston
"Ellen's Cafe
                                    ", 307 Gentry Street 77373,25 votes,3.5,Cost for two:$25,,,American,Houston
"Whataburger
                                    ", 30330 FM 2978 Road 77354,23 votes,3.7,Cost for two:$15,,,American,Houston
"Triple J's Smokehouse
                                    ", 6715 Homestead Road 77028,12 votes,3.7,Cost for two:$25,,,American,Houston
"Chulas Sports Cantina
                                    "," 12008 E Fwy, Houston 77029",13 votes,3.3,Cost for two:$25,,,American,Houston
"Island Grill
                                    ", 4024 Bellaire Boulevard 77025,22 votes,3.6,Cost for two:$25,,,American,Houston
"Snappy's Cafe & Grill
                                    "," 5803 Highway Boulevard, Katy 77494",22 votes,3.5,Cost for two:$25,,,American,Houston
"Papagrella's
                                    "," 5740 S Wayside Dr, Houston 77087",Cuisines: ,,Cost for two:$25,,,American,Houston
"Cajun New Orleans Kitchen
                                    "," 7105 W Fuqua Dr, Missouri City 77489",Cuisines: ,,Cost for two:$25,,,American,Houston
"Allison's Soul Food & Bar Bq
                                    "," 8429 Scott St, Houston 77051",Cuisines: ,,Cost for two:$25,,,American,Houston
"Arcola
                                    "," 13811 Hwy 6, Rosharon 77583",Cuisines: ,,Cost for two:$25,,,American,Houston
"El Mariachi Loco
                                    "," 51 W Main St, Humble 77338",2 votes,3.3,Cost for two:$25,,,American,Houston
"Basil's
                                    "," 15700 John F. Kennedy Blvd (Sheraton Hotel), Houston 77032",2 votes,3,Cost for two:$75,,,American,Houston
"Cajun's Fried Turkeys
                                    "," 14507 S Post Oak Rd, Houston 77045",Cuisines: ,,Cost for two:$25,,,American,Houston
"Malt N Burger
                                    ", 25330 W Highway 6 77511,Cuisines: ,,Cost for two:$25,,,American,Houston
"Dixie Maid
                                    "," 6800 Lyons Ave, Houston 77020",Cuisines: ,,Cost for two:$75,,,American,Houston
"Joy Love Burgers
                                    "," 22625 Tomball Parkway Suite 830, Tomball, TX 77375, USA",Cuisines: ,,Cost for two:$15,,,American,Houston
"Grille Works
                                    "," 1 Main Street, Houston 77002",Cuisines: ,,Cost for two:$20,,,American,Houston
"E J's Malt 'n' Burger
                                    "," 10309 Market St Rd, Houston 77029",Cuisines: ,,Cost for two:$25,,,American,Houston
"Burks Home Cooking
                                    "," 3204 Lyons Ave, Houston 77020",Cuisines: ,,Cost for two:$25,,,American,Houston
"Veritas Steak and Seafood
                                    ", 1550 Lake Pointe Parkway 77478,Cuisines: ,,Cost for two:$275,,,American,Houston
"Chef Kim's Cafe
                                    "," 10701 Corporate Dr, Stafford 77477",0 votes,3.3,Cost for two:$25,,,American,Houston
"Whataburger
                                    ", 14460 FM 2100 77532,3 votes,3.4,Cost:$$$$,,,American,Houston
"This Bar
                                    ", 21411 FM 2100,Cuisines: ,,Cost:$$$$,,,American,Houston
"cuisine of India
                                    "," 516 Westheimer Road, Houston 77006",189 votes,4,Cost for two:$60,-95.3878816,29.7447861,Indian,Houston
"Pondicheri
                                    "," 2800 Kirby Drive, Suite B 132, Houston 77098",164 votes,3.9,Cost for two:$50,-95.4190738,29.7409216,Indian,Houston
"Cuisine of India
                                    "," 1212 NASA Pkwy, Houston 77058",127 votes,4.4,Cost for two:$75,-95.1018073,29.5467655,Indian,Houston
"Sitar Cuisine of India
                                    "," 25701 I-45 N, Suite 12, Houston 77380",110 votes,4.1,Cost for two:$75,-95.4459228,30.1356268,Indian,Houston
"India's Restaurant
                                    "," 5704 Richmond Avenue, Houston 77057",110 votes,4,Cost for two:$30,-95.478887,29.7322849,Indian,Houston
"London Sizzler
                                    ", 6690 Southwest Freeway 77074,84 votes,3.9,Cost for two:$45,-95.5009149,29.7162083,Indian,Houston
"Mogul Indian Restaurant
                                    "," 1055 Bay Area Boulevard, Clear Lake 77058",",",4.1,Cost for two:$30,-95.1188194,29.5564139,Indian,Houston
"Dhakshin Indian Cuisine
                                    "," 19752 Highway 249, Houston 77070",73 votes,4,Cost for two:$75,-95.6253071,30.0692186,Indian,Houston
"Bombay Grill
                                    ", 1852 FM 359 Road 77406,54 votes,4.4,Cost for two:$75,-95.7427884,29.6209338,Indian,Houston
"Goode Company Barbeque
                                    "," 5109 Kirby Drive, Houston 77098",586 votes,4.4,Cost for two:$60,-95.4182964,29.7270153,BBQ,Houston
"T-Bone Tom's
                                    "," 707 Hwy 146, Kemah 77565",186 votes,4.1,Cost for two:$25,-95.0198704,29.5416408,BBQ,Houston
"Hickory Hollow Restaurants & Catering
                                    ", 101 Heights Boulevard 77007,166 votes,4.1,Cost for two:$40,-95.3975954,29.7706171,BBQ,Houston
"Gatlin's Barbecue
                                    ", 3510 Ella Boulevard 77018,134 votes,4.2,Cost for two:$25,-95.4290998,29.8197378,BBQ,Houston
"Central Texas Style BBQ
                                    ", 4110 Broadway Street 77581,156 votes,4.4,Cost for two:$20,-95.2880009,29.5635274,BBQ,Houston
"Corkscrew BBQ
                                    "," 26608 Keith Street, Old Town, Spring 77373",120 votes,4.2,Cost for two:$25,-95.419931,30.080689,BBQ,Houston
"Rudy's Country Store And Bar-B-Q
                                    "," 20806 Interstate 45, Spring 77373",143 votes,4.2,Cost for two:$25,-95.4336018,30.068253,BBQ,Houston
"Texas Roadhouse
                                    "," 13345 FM 1960 Road W, Houston 77065",135 votes,4.4,Cost for two:$45,-95.6176635,29.9152274,BBQ,Houston
"Pit-Master Bar-B-Que
                                    ", 343 Sawdust Road 77380,123 votes,3.9,Cost for two:$25,-95.448524,30.1265736,BBQ,Houston
"Tin Roof BBQ
                                    "," 18918 Town Center Boulvard, Humble 77346",104 votes,4.2,Cost for two:$35,-95.1741573,29.9962395,BBQ,Houston
"Red River Barbecue and Grill
                                    "," 1911 E Main Street, League City 77573",121 votes,4.4,Cost for two:$40,-95.0776411,29.5201244,BBQ,Houston
"Killen's Barbecue
                                    "," 3613 E Broadway Street, Pearland 77581",65 votes,4.1,Cost for two:$75,-95.2822807,29.5640332,BBQ,Houston
"Mia's Table
                                    "," 3131 Argonne Street, Houston 77098",51 votes,3.8,Cost for two:$45,-95.4173144,29.7370693,BBQ,Houston
"The Swinging Door
                                    ", 3818 FM 359 Road 77469,123 votes,4.4,Cost for two:$25,-95.7693624,29.6274061,BBQ,Houston
"Luling City Market
                                    ", 4726 Richmond Avenue. 77027,115 votes,3.8,Cost for two:$20,-95.4573137,29.7331026,BBQ,Houston
"True Texas BBQ
                                    ", 4517 Kingwood Drive,",",,Cost for two:$15,-95.1821126,30.0510409,BBQ,Houston
"D's Farm Road BBQ
                                    ", 7393 FM 1488 77354,Cuisines: ,,Cost for two:$30,-95.580389,30.220215,BBQ,Houston
"Irv's BBQ
                                    "," 40203 US-290, Waller 77484",Cuisines: ,,Cost for two:$30,-95.9197975,30.0669105,BBQ,Houston
"El Paisa BBQ
                                    ", 9360 Richmond Avenue 77063,Cuisines: ,,Cost for two:$15,-95.5291371,29.729354,BBQ,Houston
"Colwell's Barbeque Soul Food
                                    "," 9230 Jensen Dr, Houston 77093",Cuisines: ,,Cost for two:$25,-95.3425245,29.8459338,BBQ,Houston
"Tail Gate Grill
                                    "," 22008 Rosehill Pines, Tomball 77377",Cuisines: ,,Cost for two:$25,-95.7300008,30.081795,BBQ,Houston
"Hot Pit Bar B Q
                                    "," 17334 Beaumont Hwy, Sheldon, Houston",Cuisines: ,,Cost for two:$20,-95.1286606,29.867253,BBQ,Houston
"Up In Smoke BBQ
                                    "," (Serving Midland and Surrounding areas), 5017 Pimlico Dr, Houston 79707",Cuisines: ,,Cost for two:$20,-102.1651033,32.0411314,BBQ,Houston
"Paw Paw Chico BBQ
                                    ", 26835 Cypresswood Drive. Spring 77373,Cuisines: ,,Cost for two:$20,-95.3946709,30.0620905,BBQ,Houston
"The Meating Place BBQ & Bakery
                                    ", 35421 TX-249,Cuisines: ,,Cost for two:$40,-95.6831553,30.1707825,BBQ,Houston
"Kababjees
                                    ", 5600 Hillcroft Street,Cuisines: ,,Cost for two:$30,-95.501338,29.7218835,BBQ,Houston
"Casey's Hot Wings & More
                                    "," 5204 Live Oak St, Houston 77004",Cuisines: ,,Cost for two:$25,-95.3733242,29.7194836,BBQ,Houston
"Star Pizza
                                    "," 2111 Norfolk Street, Houston 77098",678 votes,4.7,Cost for two:$50,,,Italian,Houston
"Maggiano's Little Italy
                                    ", 2019 Post Oak Boulevard 77056,527 votes,4.7,Cost for two:$55,,,Italian,Houston
"Italiano's
                                    "," 217 Farm to Market 1960 Bypass Road E, Humble 77338",239 votes,4.6,Cost for two:$75,,,Italian,Houston
"Santa Barbara Italian Cafe
                                    "," 5012 Broadway Street, Pearland 77581",149 votes,4.3,Cost for two:$150,,,Italian,Houston
"Grimaldi's Pizzeria
                                    "," 20 Waterway Avenue, Suite 100, The Woodlands 77380",177 votes,4.2,Cost for two:$75,,,Italian,Houston
"Prego Italian Cuisine
                                    "," 2520 Amherst Street, Houston 77005",169 votes,4.3,Cost for two:$70,,,Italian,Houston
"BRIO Tuscan Grille - Woodlands - The Woodlands
                                    ", 1201 Lake Woodlands Drive 77380,198 votes,4.2,Cost for two:$35,,,Italian,Houston
"D'Amico's Italian Market Cafe
                                    ", 5510 Morningside Drive 77005,170 votes,4.3,Cost for two:$45,,,Italian,Houston
"Da Vinci Ristorante Italiano
                                    "," 6455 South Fry Road, Suite 100, Katy 77494",133 votes,4.7,Cost for two:$150,,,Italian,Houston
"Dan's Pizza Co.
                                    ", 15148 HWY 3. 77598,",",4.7,Cost for two:$25,,,Italian,Houston
"La Griglia
                                    ", 2002 West Gray Street 77019,140 votes,4.2,Cost for two:$75,,,Italian,Houston
"Barry's Pizza and Italian Diner
                                    ", 6003 Richmond Avenue 77057,117 votes,4.1,Cost for two:$25,,,Italian,Houston
"Carrabba's
                                    "," 3115 Kirby Drive, Houston 77098",156 votes,4.3,Cost for two:$100,,,Italian,Houston
"Via Emilia
                                    ", 10700 Kuykendahl Road 77381,137 votes,4.3,Cost for two:$150,,,Italian,Houston
"MidiCi
                                    "," 21784 Katy Freeway, Suite 100 77024",",",,Cost for two:$30,,,Italian,Houston
"Brothers Pizzeria
                                    "," 1029 Hwy 6 N, Suite 100, Houston 77079",110 votes,4.4,Cost for two:$25,,,Italian,Houston
"The Italian Joint
                                    ", 26420 Preston Street 77373,Cuisines: ,,Cost for two:$50,,,Italian,Houston
"Enoteca Rossa
                                    ", 4566 Bissonnet Street 77401,Cuisines: ,,Cost for two:$45,,,Italian,Houston
"Papa Amadeus
                                    "," 25602 Interstate 45 N, Suite 101 77386",Cuisines: ,,Cost for two:$25,,,Italian,Houston
"Amici Ristorante Italiano
                                    ", 709 West Parkwood Avenue 77546,Cuisines: ,,Cost for two:$75,,,Italian,Houston
"Mario's Italian
                                    ", 628 Seawall Boulevard 77550,85 votes,4,Cost for two:$75,,,Italian,Houston
"Carmine's Italian Restaurant
                                    "," 15407 Texas 36, Needville 77461",Cuisines: ,,Cost for two:$25,,,Italian,Houston
"Little Napoli Italian Cuisine
                                    ", 540 Texas Street. 77002,",",3.6,Cost for two:$75,,,Italian,Houston
"Wine Cellar & Mezza Bar
                                    "," 540 Texas Avenue, Houston 77002",Cuisines: ,,Cost for two:$65,,,Italian,Houston
"Mona Fresh Italian
                                    ", 19355 Katy Fwy #500,Cuisines: ,,Cost for two:$15,,,Italian,Houston
"Tosca Americana
                                    "," 18321 W Lake Houston Parkway, suite 540 77346",Cuisines: ,,Cost for two:$25,,,Italian,Houston
"La Fresca Pizza
                                    ", 5300 N Braeswood Boulevard 77096,Cuisines: ,,Cost for two:$15,,,Italian,Houston
"Domino's Pizza
                                    ", 9451 Cullen Boulevard Ste A,",",,Cost for two:$20,,,Italian,Houston
"Peter Piper Pizza
                                    "," 3471 E Sam Houston Pkwy S, Pasadena 77505",Cuisines: ,,Cost for two:$25,,,Italian,Houston
"Shiloh Club
                                    "," 1321 Studewood Street, Houston 77008",Cuisines: ,,Cost for two:$25,,,Italian,Houston
"People's Choice Pizza
                                    "," 7072 FM 1960 Rd E, Humble 77346",Cuisines: ,,Cost for two:$25,,,Italian,Houston
"Houston Pizza Venture
                                    "," 2800 Marina Bay Dr, League City 77573",Cuisines: ,,Cost for two:$25,,,Italian,Houston
"Marco's Pizza
                                    ", 12810 West. Broadway Street,Cuisines: ,,Cost for two:$20,,,Italian,Houston
"Pizza Fire
                                    "," 9814 Fry Rd, Suite 120, Cypress 77433",Cuisines: ,,Cost for two:$25,,,Italian,Houston
"Big Ben's Pizzeria
                                    "," 5431 Barker Cypress Rd, Houston 77084",Cuisines: ,,Cost for two:$75,,,Italian,Houston
"Pizzaiolo's Gourmet Pizza
                                    ", 18304 FM 1488 RD Magnolia 77354,Cuisines: ,,Cost for two:$25,,,Italian,Houston
"Il Primo Pizza and Wings II
                                    ", 6037 North Fry Road 77449,Cuisines: ,,Cost for two:$25,,,Italian,Houston
"Pizza Hut
                                    ", 32826 FM 2978,",",,Cost for two:$20,,,Italian,Houston
"Giannina‚Äôs Pizza
                                    "," 9740 Barker Cypress Rd, Ste 115, Cypress",Cuisines: ,,Cost for two:$20,,,Italian,Houston
"Yia Yia Mary's
                                    ", 4747 San Felipe 77056,359 votes,4.4,Cost for two:$85,-95.4575912,29.7480469,Mediterranean,Houston
"Aladdin Mediterranean Cuisine
                                    "," 912 Westheimer Road, Houston 77006",194 votes,4.5,Cost for two:$30,-95.391082,29.7448812,Mediterranean,Houston
"Ephesus Mediterranean Grill
                                    "," 510 S Mason Road, Katy 77450",196 votes,4.9,Cost for two:$75,-95.7433756,29.7062785,Mediterranean,Houston
"Istanbul Grill & Deli
                                    "," 5613 Morningside Drive, Houston 77005",141 votes,4.2,Cost for two:$40,-95.4145934,29.7155954,Mediterranean,Houston
"Fadi's Meyerland Mediterranean Grill
                                    "," 4738 Beechnut Street, Houston 77096",153 votes,4.6,Cost for two:$35,-95.4602323,29.6896336,Mediterranean,Houston
"Dimassi's Mediterranean Buffet
                                    "," 1640 Lake Woodlands Drive, The Woodlands 77380",87 votes,4,Cost for two:$75,-95.4595157,30.1674402,Mediterranean,Houston
"Mediterraneo Market & Cafe
                                    ", 18033 Upper Bay Road 77058,75 votes,4.2,Cost for two:$75,-95.0888971,29.5501725,Mediterranean,Houston
"Alexander the Great
                                    ", 3055 Sage Road 77056,74 votes,3.9,Cost for two:$60,-95.4661905,29.735064,Mediterranean,Houston
"Bibi's House of Kabob
                                    "," 3121 Center Street, Deer Park 77536",63 votes,4.3,Cost for two:$25,-95.1230325,29.6829887,Mediterranean,Houston
"Lama Mediterranean Cafe
                                    "," 1500 Research Forest Drive, Suite 100, The Woodlands 77381",56 votes,4.2,Cost for two:$75,-95.4595567,30.1783639,Mediterranean,Houston
"Alwadi Mediterranean Sandwiches
                                    "," 15655 John F. Kennedy Boulevard, Suite J 77032",55 votes,4,Cost for two:$25,-95.3330447,29.9441846,Mediterranean,Houston
"Empire Turkish Grill
                                    "," 12448 Memorial Drive, Houston 77024",67 votes,3.8,Cost for two:$75,-95.5491364,29.7667038,Mediterranean,Houston
"Wael's Mediterranean Cuisine
                                    "," 2449 Bay Area Boulevard, Houston 77058",61 votes,4.2,Cost for two:$25,-95.1096005,29.5746802,Mediterranean,Houston
"Manny's Cafe
                                    "," 8475 Hwy 6 N, Houston 77095",48 votes,4.2,Cost for two:$25,-95.6359783,29.9020166,Mediterranean,Houston
Hugo's              ," 1600 Westheimer Road, Houston 77006",553 votes,4.5,Cost for two:$90,-95.3996202,29.7429555,Mexican,Houston
"Teotihuacan Mexican Cafe
                                    ", 1511 Airline Drive 77009,292 votes,4.8,Cost for two:$30,-95.3822177,29.7989293,Mexican,Houston
"Alicia's Mexican Grille
                                    "," 26326 NW Freeway, Cypress 77429",224 votes,4.2,Cost for two:$75,-95.7013171,29.9749482,Mexican,Houston
"El Tiempo Cantina
                                    ", 5602 Washington Avenue 77007,230 votes,4.5,Cost for two:$35,-95.4187874,29.7710151,Mexican,Houston
"Lupe Tortilla
                                    "," 318 Stafford Street, Houston 77079",200 votes,4.3,Cost for two:$75,-95.6430429,29.7827555,Mexican,Houston
"Guadalajara Del Centro
                                    "," 1201 San Jacinto Street, Houston 77002",116 votes,4.2,Cost for two:$70,-95.3644994,29.7537638,Mexican,Houston
"Arnaldo Richard's Picos
                                    "," 3601 Kirby Drive, Upper Kirby District 77098",113 votes,4.1,Cost for two:$75,-95.4180509,29.7337013,Mexican,Houston
"Lopez Mexican
                                    "," 11606 Wilcrest Drive, Houston 77099",108 votes,4.5,Cost for two:$50,-95.5708759,29.653024,Mexican,Houston
"Tortuga Coastal Cantina
                                    ", 6010 Seawall Boulevard 77551,96 votes,3.7,Cost for two:$25,-94.825778,29.2673526,Mexican,Houston
"Spanish Flowers Mexican Restaurant
                                    ", 4701 North Main Street 77009,127 votes,3.9,Cost for two:$40,-95.3819315,29.7970923,Mexican,Houston
"100% Taquito
                                    "," 3245 Southwest Fwy, Houston 77027",112 votes,4.1,Cost for two:$15,-95.4309729,29.7286629,Mexican,Houston
"Chacho's
                                    "," 6006 Westheimer Road, Houston 77057",110 votes,4,Cost for two:$15,-95.4877353,29.7381434,Mexican,Houston
"Tony's Mexican Restaurant
                                    ", 2222 Ella Boulevard 77008,99 votes,4.1,Cost for two:$50,-95.4288208,29.8064633,Mexican,Houston
"La Guadalupana Bakery and Cafe
                                    "," 2109 Dunlavy Street, Houston 77006",86 votes,4.1,Cost for two:$30,-95.4018496,29.7469016,Mexican,Houston
"Los Cucos Mexican Cafe
                                    ", 4775 West Panther Creek Drive 77381,97 votes,4,Cost for two:$75,-95.5039847,30.1679385,Mexican,Houston
"Casarez Mexican
                                    "," 887 Meadowbrook Drive, Houston 77034",8 votes,3.5,Cost for two:$25,-95.2623893,29.6745943,Mexican,Houston
"Pollos Asados El Regio
                                    "," 61 Tidwell Rd, Houston 77022",6 votes,3.8,Cost for two:$25,-95.3788344,29.8458122,Mexican,Houston
"Noyola's Mexican
                                    "," 242 1st Street W, Humble 77338",9 votes,3.4,Cost for two:$25,-95.264736,29.999113,Mexican,Houston
"Juan Big Burritos
                                    "," 176 Gulf Fwy S, League City 77573",9 votes,3.5,Cost for two:$25,-95.1108647,29.5032439,Mexican,Houston
"La Victoria Bakery
                                    "," 7138 Lawndale St, Houston 77023",6 votes,3.6,Cost for two:$25,-95.2926504,29.7171088,Mexican,Houston
"Brenda's Taqueria
                                    "," 3766 S Gessner Road, Houston 77063",9 votes,3.4,Cost for two:$25,-95.5395963,29.72302,Mexican,Houston
"El Chinampa
                                    "," 15634 Wallisville Rd. Suite 400, Houston 77049",9 votes,3.2,Cost for two:$75,-95.1594574,29.8093257,Mexican,Houston
"Charro Potato
                                    "," 8423 Cinnamon Run, Spring 77389",10 votes,3.5,Cost for two:$25,-95.5488391,30.1519097,Mexican,Houston
"Enchiluda's Mexican Caf√©
                                    "," 14025 Westheimer Road, Houston 77077",5 votes,3.3,Cost for two:$25,-95.6373733,29.7347766,Mexican,Houston
"Iguanas Ranas Cantina
                                    "," 6200 West Broadway Street, Suite 102 77581",5 votes,3.2,Cost for two:$25,-95.3157235,29.5589531,Mexican,Houston
"Taqueria Jalisco
                                    "," 1108 N Loop 336 W, Conroe 77303",7 votes,3.2,Cost for two:$25,-95.4722517,30.3357248,Mexican,Houston
"Pueblo Viejo
                                    "," 8408 Katy Fwy., Houston 77024",10 votes,3.3,Cost for two:$25,-95.4926106,29.7853358,Mexican,Houston
"Horno Monterrey Bakery
                                    "," 7110 Louetta Road, Spring 77379",7 votes,3.6,Cost for two:$25,-95.5212561,30.022938,Mexican,Houston
"Nopalera Grill
                                    "," 1736 Texas Ave, Texas City 77590",2 votes,3.6,Cost for two:$25,-94.9210162,29.3842812,Mexican,Houston
"Mi Casa De Sabor Bar & Grill
                                    ", 8232 Long Point Road 77055,3 votes,3.1,Cost for two:$75,-95.4933685,29.8032703,Mexican,Houston
"Ajua Mexican Cuisine
                                    "," 9537 Hwy 146, Dayton 77535",4 votes,3,Cost for two:$25,-94.849996,30.609323,Mexican,Houston
"Carbonero Restaurant El
                                    "," 13627 Veterans Memorial Dr, Houston 77014",0 votes,3,Cost for two:$25,-95.4960162,29.9838817,Mexican,Houston
"Taqueria El Herradero
                                    "," 9521 Telephone Rd, Houston 77075",0 votes,3,Cost for two:$25,-95.2851383,29.6267798,Mexican,Houston
"Colima Mexican Kitchen
                                    "," 3356 Fountain View Drive, Houston 77057",0 votes,3,Cost for two:$25,-95.4844785,29.7287386,Mexican,Houston
"Tacos El Maguey
                                    "," 8530 Bellaire Blvd., Houston 77036",4 votes,2.9,Cost for two:$25,-95.5354611,29.7054206,Mexican,Houston
"Taqueria Del Chino
                                    "," 7844 HARRISBURG, Houston 77012",4 votes,3,Cost for two:$25,-95.2845823,29.73012,Mexican,Houston
"Enchilada Way Mexican Grill
                                    "," 7101 W Grand Parkway S, Suite 120 77407",14 votes,2.4,Cost for two:$75,-95.7522626,29.6732701,Mexican,Houston
"La Bikina
                                    "," 4223 Research Forest Drive Suite 100, The Woodlands 77381",10 votes,2.5,Cost for two:$150,-95.4862605,30.1817478,Mexican,Houston
"El Rio Mexican
                                    "," 504 S Main St, Highlands 77562",2 votes,2.5,Cost for two:$25,-95.0574698,29.8092897,Mexican,Houston
"Los Compadres Mexican Restaurant
                                    "," 8302 N Eldridge Pkwy, Houston 77041",Cuisines: ,,Cost for two:$75,-95.6053063,29.8981411,Mexican,Houston
"El Rey Cuban and Mexican Cuisine Taqueria - Midtown
                                    ", 910 Shepherd Drive 77007,156 votes,4.5,Cost for two:$25,-95.4093155,29.7702971,Mexican,Houston
"Caracol
                                    "," 2200 Post Oak Boulevard, Suite 160, Houston 77056",101 votes,4.2,Cost for two:$125,-95.4621364,29.7433045,Mexican,Houston
"Salsas Seaside Restaurant
                                    ", 4604 Seawall Boulevard 77551,95 votes,3.8,Cost for two:$75,-94.8117695,29.2754634,Mexican,Houston
"Taquilo's Tex-Mex Cantina
                                    "," 2101 Postoffice Street, Galveston 77550",Cuisines: ,,Cost for two:$25,-94.791314,29.305026,Mexican,Houston
"TuCasita
                                    "," 10400 Bissonnet St Ste A, Houston 77099",Cuisines: ,,Cost for two:$25,-95.5616852,29.6750332,Mexican,Houston
"Taquirea Leticia #2
                                    "," 2520 Airline Dr, Houston 77009",Cuisines: ,,Cost for two:$25,-95.3809155,29.8103527,Mexican,Houston
"El Cuscatleco Cafeteria
                                    "," 6041 Bissonnet St, Houston 77081",Cuisines: ,,Cost for two:$25,-95.4878154,29.6970636,Mexican,Houston
"Cocina Latina
                                    "," 10301 Club Creek Dr, Houston 77036",Cuisines: ,,Cost for two:$25,-95.5528807,29.6876066,Mexican,Houston
"El Catrin
                                    "," 7403 Irvington Blvd, Houston 77022",Cuisines: ,,Cost for two:$25,-95.361591,29.8282364,Mexican,Houston
"El Rey Del Pollo Lawndale
                                    "," 7170 Lawndale St, Houston 77023",Cuisines: ,,Cost for two:$75,-95.2913234,29.7167331,Mexican,Houston
"El Papaturro
                                    "," 50 Aldine Bender Rd, Houston 77060",Cuisines: ,,Cost for two:$25,-95.4079859,29.9312733,Mexican,Houston
"La Balita Con Sabor a Mexico
                                    "," 4338 Highway 6 North, Houston 77084",Cuisines: ,,Cost for two:$75,-95.6447694,29.8369847,Mexican,Houston
"La Tia Restaurant
                                    "," 5877 S Gessner Rd, Houston 77036",Cuisines: ,,Cost for two:$75,-95.5376145,29.7165193,Mexican,Houston
"Las Ramadas
                                    ", 22754 Cypresswood Drive 77373,Cuisines: ,,Cost for two:$25,-95.3451603,30.0439005,Mexican,Houston
"Se√±or Burritos Authentic Mexican Grill
                                    ", 1029 Hwy 6 North 500,Cuisines: ,,Cost for two:$20,-95.6456382,29.7871058,Mexican,Houston
"el Taco pro
                                    "," 130 S 75th, Houston 77011",Cuisines: ,,Cost for two:$25,-95.2927933,29.7315179,Mexican,Houston
"Tacos Arcelia #3
                                    "," 2102 Wirt Rd, Houston 77055",Cuisines: ,,Cost for two:$25,-95.484831,29.8112098,Mexican,Houston
"Tamaleria Guatemix
                                    "," 6394 Windswept Lane, Houston 77057",Cuisines: ,,Cost for two:$25,-95.4974698,29.7264489,Mexican,Houston
"La Salmantina Taqueria
                                    "," 10141 Telephone Rd, Houston 77075",Cuisines: ,,Cost for two:$25,-95.2849294,29.6190845,Mexican,Houston
"El Pancake Cafe
                                    "," 6260 Westpark Drive, Houston 77057",Cuisines: ,,Cost for two:$20,-95.494905,29.724631,Mexican,Houston
"Tacos Arcelia #4
                                    "," 1648 Gessner Dr, Houston 77080",Cuisines: ,,Cost for two:$25,-95.5445229,29.8023558,Mexican,Houston
"Mi Regio Restaurant
                                    "," 7718 West Little York Road, Houston 77040",Cuisines: ,,Cost for two:$25,-95.5072249,29.8661821,Mexican,Houston
"Bob's Taco Station
                                    ", 1901 Avenue H 77471,",",4.2,Cost for two:$25,-95.8075536,29.5584736,Mexican,Houston
"La Fisheria
                                    "," 213 Milam Street, Houston 77007",66 votes,3.9,Cost for two:$50,-95.362068,29.7635162,Mexican,Houston
"El Bolillo Bakery
                                    "," 2517 Airline Drive, Houston 77009",68 votes,4.3,Cost for two:$10,-95.3824631,29.8100105,Mexican,Houston
"El Rey
                                    "," 9742 Katy Fwy #100, Houston 77055",70 votes,3.9,Cost for two:$25,-95.5342926,29.7862612,Mexican,Houston
"Texas Shrimp Shack by Selma
                                    "," 1617 Richmond Avenue, Houston 77006",57 votes,3.7,Cost for two:$30,-95.4000826,29.7340668,Mexican,Houston
"Julio's
                                    "," 19235 Farm to Market 2920, Tomball 77377",50 votes,4.2,Cost for two:$25,-95.7233596,30.0814425,Mexican,Houston
"Peska Seafood Culture
                                    "," 1700 Post Oak Boulevard, Houston 77056",16 votes,3.5,Cost for two:$100,-95.4625156,29.7498983,Mexican,Houston
"Shake Shack
                                    "," 366 Columbus Avenue W 77th Street, New York 10024",721 votes,4.9,Cost for two:$30,-73.9765558,40.7808739,American,New York
"Peter Luger Steak House
                                    "," 178 Broadway, Brooklyn 11211",1111 votes,4.8,Cost for two:$150,-73.9624787,40.7097529,American,New York
"Gramercy Tavern
                                    ", 42 E 20th Street 10003,948 votes,4.5,Cost for two:$200,-73.9884724,40.7384716,American,New York
"5 Napkin Burger
                                    ", 630 9th Avenue 10036,620 votes,4.9,Cost for two:$85,-73.9912338,40.759987,American,New York
"Cafeteria
                                    ", 119 7th Avenue,",",4.5,Cost for two:$75,-73.9979323,40.7404855,American,New York
"S'MAC
                                    "," 197 First Avenue, New York 10003",622 votes,4.9,Cost for two:$25,-73.983724,40.730212,American,New York
"Gray's Papaya
                                    ", 2090 Broadway 10023,",",4.5,Cost for two:$20,-73.9815721,40.7783578,American,New York
"Blue Smoke
                                    "," 116 East 27th Street, Flatiron 10016",",",4.5,Cost for two:$70,-73.9837809,40.7421997,American,New York
"Virgil's Real BBQ
                                    "," 152 West 44th Street, btwn Broadway & 6th Avenue 10036",497 votes,4.4,Cost for two:$50,-73.9851608,40.7567546,American,New York
"The Meatball Shop
                                    ", 84 Stanton Street 10002,393 votes,4.6,Cost for two:$50,-73.9887807,40.7216601,American,New York
"Bubby's
                                    "," 120 Hudson Street, New York 10013",308 votes,4.3,Cost for two:$70,-74.0083109,40.7198196,American,New York
"Union Square Cafe
                                    "," 16th Street, New York 10003",",",4.4,Cost for two:$75,-73.987819,40.7352956,American,New York
"Sarabeth's
                                    "," 423 Amsterdam Avenue, New York 10024",313 votes,4.4,Cost for two:$90,-73.9774244,40.7838797,American,New York
"Beauty & Essex
                                    "," 146 Essex Street, Lower East Side 10002",",",4.3,Cost for two:$100,-73.9868826,40.7204209,American,New York
"Cookshop
                                    ", 156 10th Avenue 10011,344 votes,4.3,Cost for two:$70,-74.0054833,40.745519,American,New York
"Dinosaur Bar-B-Que
                                    ", 700 West 125th Street 10027,613 votes,4.7,Cost for two:$40,-73.9609174,40.8180319,BBQ,New York
"Blue Smoke
                                    "," 116 East 27th Street, Flatiron 10016",",",4.5,Cost for two:$70,-73.9837809,40.7421997,BBQ,New York
"Virgil's Real BBQ
                                    "," 152 West 44th Street, btwn Broadway & 6th Avenue 10036",497 votes,4.4,Cost for two:$50,-73.9851608,40.7567546,BBQ,New York
"Bubby's
                                    "," 120 Hudson Street, New York 10013",308 votes,4.3,Cost for two:$70,-74.0083109,40.7198196,BBQ,New York
"Hill Country Barbecue Market
                                    ", 30 West 26th Street 10010,373 votes,4.4,Cost for two:$70,-73.9904866,40.7441558,BBQ,New York
"Fette Sau
                                    ", 354 Metropolitan Avenue 11211,",",4.6,Cost for two:$75,-73.956335,40.7140632,BBQ,New York
"Mighty Quinn's Barbeque
                                    ", 103 2nd Avenue 10003,",",4.3,Cost for two:$30,-73.9886284,40.7275688,BBQ,New York
"Miss Korea BBQ
                                    ", 10 West 32nd Street 10001,80 votes,4,Cost for two:$60,-73.9864768,40.7473149,BBQ,New York
"Gyu-Kaku Japanese BBQ
                                    "," 805 3rd Avenue, New York 10022",102 votes,4.2,Cost for two:$70,-73.9705623,40.7554247,BBQ,New York
"Dallas BBQ
                                    "," 241 W 42nd Street, New York 10036",81 votes,3.7,Cost for two:$60,-73.9886621,40.7569857,BBQ,New York
"Cho Dang Gol
                                    ", 55 West 35th Street 10001,92 votes,4,Cost for two:$60,-73.9863524,40.7502718,BBQ,New York
"Cowgirl
                                    "," 519 Hudson Street, New York 10014",112 votes,4.2,Cost for two:$70,-74.0064878,40.7338031,BBQ,New York
"Southern Hospitality BBQ
                                    ", 645 9th Avenue 10036,",",3.8,Cost for two:$90,-73.9913982,40.7606246,BBQ,New York
"Bann
                                    "," 350 W 50th Street, New York 10019",",",4,Cost for two:$80,-73.9881369,40.7629007,BBQ,New York
"Don Coqui
                                    "," 2818 31st Street, Astoria 11102",",",3.6,Cost for two:$85,-73.920724,40.7679449,BBQ,New York
"Picnic Restaurant
                                    "," 233 Ferry St, Newark 07105",8 votes,3.3,Cost:$$$$,-74.1543425,40.7280236,BBQ,New York
"McWhorter Barbecue
                                    "," 104 McWhorter Street, Newark 07105",11 votes,4,Cost:$$$$,-74.1667228,40.7294636,BBQ,New York
"Dragonfly Restaurant
                                    "," 661 W. Edgar Road, Linden 07036",42 votes,3.6,Cost:$$$$,-74.2476906,40.6208243,BBQ,New York
"Sultan Gyro
                                    "," 307 Ridge Rd, Lyndhurst 07071",4 votes,3.4,Cost:$$$$,-74.1190535,40.8084318,BBQ,New York
"SuzyQue's BBQ & Bar
                                    "," 34 S Valley Rd, West Orange 07052",69 votes,3.6,Cost:$$$$,-74.2512896,40.7657279,BBQ,New York
"Houston's
                                    "," 1 Riverside Square, Hackensack 07601",148 votes,3.9,Cost:$$$$,-74.0305368,40.9063128,BBQ,New York
"Grill Master
                                    "," 41 Bloomfield Ave, Bloomfield 07003",16 votes,3.7,Cost:$$$$,-74.1874244,40.7767735,BBQ,New York
"Jim Dandy's
                                    "," 563 Franklin Ave, Nutley 07110",13 votes,3.4,Cost:$$$$,-74.1536104,40.825018,BBQ,New York
"Buffalo's
                                    "," 261 Hackensack Street, Wood-Ridge 07075",4 votes,3.4,Cost:$$$$,-74.0811171,40.8487628,BBQ,New York
"Junoon
                                    "," 27 West 24th Street, Flatiron district 10010",156 votes,4.4,Cost for two:$150,-73.9908129,40.7431637,Indian,New York
"Utsav
                                    "," 1185 Avenue of the Americas, New York 10036",103 votes,4.1,Cost for two:$70,-73.9823192,40.7579754,Indian,New York
"Brick Lane Curry House
                                    ", 99 2nd Avenue. 10003,140 votes,4.1,Cost for two:$80,-73.9889486,40.7273558,Indian,New York
"Tamarind Tribeca
                                    "," 99 Hudson Street, New York 10013",75 votes,4,Cost for two:$120,-74.0089976,40.7190557,Indian,New York
"The Kati Roll Company
                                    "," 49 W 39th Street, New York 10018",112 votes,4.1,Cost for two:$30,-73.9846328,40.7527238,Indian,New York
"Indian Accent
                                    "," 123 W 56th Street, Midtown West 10019",42 votes,4.4,Cost for two:$120,-73.9788504,40.764284,Indian,New York
"Haveli Banjara
                                    ", 100 2nd Avenue 10003,100 votes,4.1,Cost for two:$50,-73.9883517,40.7271167,Indian,New York
"Bukhara Grill
                                    "," 217 E 49th Street, New York 10017",85 votes,4,Cost for two:$75,-73.9703031,40.7549692,Indian,New York
"Chennai Garden by Tiffin Wallah
                                    "," 127 E 28th Street, New York 10016",77 votes,4.2,Cost for two:$50,-73.9827576,40.742965,Indian,New York
"Seva
                                    "," 3007 34th Street, Astoria 11103",85 votes,4.4,Cost for two:$50,-73.9189791,40.7654318,Indian,New York
"Jackson Diner
                                    "," 37-47 74th Street, Queens 11372",92 votes,4.2,Cost for two:$60,-73.8913875,40.7477307,Indian,New York
"Saravanaa Bhavan
                                    ", 81 Lexington Avenue 10016,49 votes,4,Cost for two:$30,-73.983071,40.7414198,Indian,New York
"Darbar
                                    "," 152 E 46th Street, New York 10017",68 votes,3.8,Cost for two:$55,-73.973531,40.753513,Indian,New York
"Saravanaa Bhavan
                                    "," 413 Amsterdam Avenue, Between 79th & 80th Street, New York 10024",67 votes,3.7,Cost for two:$50,-73.9777534,40.7835823,Indian,New York
"Ruchi
                                    "," 120 Cedar Street, Financial District 10006",56 votes,3.8,Cost for two:$50,-74.0127065,40.7095408,Indian,New York
"Indian Masala
                                    "," 1174 St Marks Avenue, Brooklyn 11213",Cuisines: ,,Cost for two:$30,-73.9310317,40.6740701,Indian,New York
"Aroma Indian Restaurant
                                    ", 116-01 101st Avenue South Richmond Hill 11419,Cuisines: ,,Cost for two:$25,-73.828378,40.689515,Indian,New York
"Apna Masala Indian Cuisine
                                    "," 344 E 6th Street, New York 10003",Cuisines: ,,Cost for two:$65,-73.9864729,40.7263971,Indian,New York
"Punjabi Dhaba Indian Restaurant
                                    "," 119-16 101st Avenue, Queens 11419",Cuisines: ,,Cost for two:$20,-73.8252625,40.6899685,Indian,New York
"Dhaka Garden
                                    "," 72-23 37th Avenue, Queens 11372",Cuisines: ,,Cost for two:$50,-73.8930569,40.7490784,Indian,New York
"Radhuni Sweets & Restaurant
                                    "," 483 Mcdonald Avenue, Brooklyn, NY 11218",Cuisines: ,,Cost for two:$35,-73.9791232,40.6423829,Indian,New York
"Gulshan Terrace
                                    "," 59-15, 37th Avenue, Woodside",Cuisines: ,,Cost for two:$30,-73.902776,40.7499688,Indian,New York
"Lahori Chilli
                                    "," 1026 Coney Island Avenue, Brooklyn, NY 11230",Cuisines: ,,Cost for two:$20,-73.9671731,40.6324407,Indian,New York
"Desi Grill
                                    "," 46 Wyckoff Avenue, Bushwick, Bushwick, Brooklyn 11237",Cuisines: ,,Cost for two:$40,-73.921747,40.7057507,Indian,New York
"Curry Heights
                                    ", 151 Remsen Street 11201,Cuisines: ,,Cost for two:$60,-73.9922031,40.6936798,Indian,New York
"Haute Cuisine Of India
                                    "," 210 E 58th Street, New York 10022",Cuisines: ,,Cost for two:$70,-73.9664337,40.7604289,Indian,New York
"Saranava Bhavan
                                    ", 81 Lexington Avenue 10016,Cuisines: ,,Cost for two:$25,-73.983071,40.7414198,Indian,New York
"Simon Indian Palace inc
                                    ", 230 East 58th Street 10022,Cuisines: ,,Cost for two:$45,-73.9658941,40.7601883,Indian,New York
"Bismillah Kebab & Curry
                                    "," 1203 Liberty Avenue, Brooklyn 11208",Cuisines: ,,Cost for two:$20,-73.8649792,40.6791668,Indian,New York
"Bombay Junction
                                    ", 1013 6th Avenue 10018,Cuisines: ,,Cost for two:$25,-73.9863396,40.7521993,Indian,New York
"Halal Dumpling House
                                    "," 37-66 74th Street, Queens, NY 11372",Cuisines: ,,Cost for two:$25,-73.8916109,40.7471124,Indian,New York
"Chatkhara Restaurant & Sweets
                                    "," 984 Coney Island Avenue, Brooklyn, NY 11230",Cuisines: ,,Cost for two:$20,-73.9673569,40.6334488,Indian,New York
"Hamro Bhim's Cafe
                                    "," 74-10 37th Road, Queens, NY 11372",Cuisines: ,,Cost for two:$15,-73.8911095,40.7472765,Indian,New York
"Sumnima Kitchen
                                    "," 39-04 64th Street, Woodside, New York City",Cuisines: ,,Cost for two:$30,-73.9000711,40.7463482,Indian,New York
"Nepalese Indian Restaurant
                                    "," 907 Seneca Avenue, Queens, NY 11385",4 votes,2.8,Cost for two:$40,-73.9036372,40.7006697,Indian,New York
"Chabba Family Grill & Cuisine
                                    "," 786 Coney Island Avenue, Brooklyn 11218",Cuisines: ,,Cost for two:$35,-73.9688152,40.6382322,Indian,New York
"Sukhram's Restaurant And Beer Garden
                                    "," 18803 Jamaica Ave, Hollis 11423",2 votes,3.1,Cost for two:$25,-73.7707225,40.711131,Indian,New York
"Golden House Restaurant
                                    "," 105-04 Liberty Avenue, Queens 11417",Cuisines: ,,Cost for two:$25,-73.835876,40.682281,Indian,New York
"Taste of Bhakti
                                    "," 25 1st Avenue, New York 10003",",",2.8,Cost for two:$25,-73.9884895,40.7237768,Indian,New York
"Bamboo Express
                                    "," 772 Flatbush Avenue, Brooklyn 11226",Cuisines: ,,Cost for two:$40,-73.9598843,40.6539174,Indian,New York
"King of Tandoor
                                    "," 7407 3rd Avenue, Brooklyn, NY 11220",Cuisines: ,,Cost for two:$40,-74.0273859,40.6318435,Indian,New York
"Golden Terrace Restaurant
                                    "," 120-23 Atlantic Avenue, New York City 11418",Cuisines: ,,Cost for two:$25,-73.8262835,40.6947861,Indian,New York
"Gyro King
                                    "," 473 McDonald Avenue, Brooklyn 11218",",",,Cost for two:$15,-73.9791628,40.6426041,Indian,New York
"Your Village Roti Shop
                                    "," 21116 Jamaica Ave, Queens Village 11428",1 vote,3.3,Cost for two:$25,-73.7488292,40.7152184,Indian,New York
"Little Crepe Street
                                    "," 29 East Main Street, Mt Kisco 10549",11 votes,3.8,Cost:$$$$,-73.7277681,41.2083613,Indian,New York
"Shivaji Indian Express Cuisine
                                    "," 561 US-1, Edison 08817",Cuisines: ,,Cost:$$$$,-74.3960752,40.5067004,Indian,New York
"Orange Indian Cuisine
                                    "," 168 Kinderkamack Rd, Park Ridge 07656",Cuisines: ,,Cost:$$$$,-74.0326286,41.0356986,Indian,New York
"Mantra
                                    ", 275 Route 4 West 07652,20 votes,3.5,Cost:$$$$,-74.0469952,40.9150281,Indian,New York
"Desi Food Galaxy
                                    "," 2021 Rt-27, Somerset 08873",15 votes,3.5,Cost:$$$$,-74.5116756,40.4580847,Indian,New York
"Dawat
                                    ", 1103 Inman Avenue 08820,Cuisines: ,,Cost:$$$$,-74.3640822,40.59539,Indian,New York
"Manjal Indian Cuisine
                                    "," 37 Godwin Avenue, Ridgewood, NJ",Cuisines: ,,Cost:$$$$,-74.1230555,40.9791132,Indian,New York
"The Little Owl
                                    "," 90 Bedford Street, Greenwich Village 10014",307 votes,4.5,Cost for two:$100,-74.0052759,40.7322874,Mediterranean,New York
"ilili
                                    ", 236 Fifth Avenue 10001,188 votes,4.5,Cost for two:$65,-73.9879195,40.7444147,Mediterranean,New York
"Taim West Village
                                    "," 222 Waverly Place W Village, New York 10014",156 votes,4.4,Cost for two:$30,-74.0019593,40.735997,Mediterranean,New York
"Il Buco
                                    ", 47 Bond Street 10012,",",4.2,Cost for two:$100,-73.9930347,40.7257732,Mediterranean,New York
"Bar Pitti
                                    "," 268 6th Avenue, New York 10014",136 votes,4.3,Cost for two:$110,-74.0021326,40.7290382,Mediterranean,New York
"Pierre Loti
                                    "," 300 E 52nd Street, New York 10022",",",4.5,Cost for two:$50,-73.9674197,40.7559193,Mediterranean,New York
"Extra Virgin
                                    "," 259 W 4th Street, New York 10014",164 votes,4.2,Cost for two:$150,-74.003141,40.7354258,Mediterranean,New York
"Fig & Olive Fifth Ave
                                    ", 10 East 52nd Street 10022,115 votes,3.9,Cost for two:$100,-73.9756381,40.7592885,Mediterranean,New York
"Gennaro
                                    "," 665 Amsterdam Avenue, New York 10025",149 votes,4.4,Cost for two:$100,-73.9717285,40.7917717,Mediterranean,New York
"Boulud Sud
                                    "," 20 West 64th Street, Upper West Side, Lincoln Square, New York City 10023",",",4,Cost for two:$120,-73.9810681,40.7715601,Mediterranean,New York
"Tanoreen
                                    ", 7523 3rd Avenue 11220,108 votes,4.3,Cost for two:$70,-74.0277865,40.6307916,Mediterranean,New York
"Barbounia
                                    ", 250 Park Avenue South 10003,111 votes,4,Cost for two:$80,-73.9882199,40.7382621,Mediterranean,New York
"Balaboosta
                                    "," 611 Hudson Street, West Village, New York City 10012",72 votes,3.9,Cost for two:$100,-74.0058893,40.7376733,Mediterranean,New York
"Gazala's Place
                                    "," 709 9th Avenue, New York 10019",86 votes,4.3,Cost for two:$45,-73.9899822,40.7627104,Mediterranean,New York
"Hummus Place
                                    ", 305 Amsterdam Avenue 10023,93 votes,4.1,Cost for two:$30,-73.9803129,40.7800578,Mediterranean,New York
"Sunrise Diner
                                    "," 45-04 Parsons Boulevard, Queens 11355",Cuisines: ,,Cost for two:$30,-73.8157266,40.7554406,Mediterranean,New York
"Karizma Hookah Lounge
                                    "," 244 E 51st Street, New York 10022",",",,Cost for two:$50,-73.9688382,40.755575,Mediterranean,New York
"Horus Too
                                    "," 416 W 46th Street, New York 10036",Cuisines: ,,Cost for two:$75,-73.9918935,40.7612476,Mediterranean,New York
"Memo Shish Kebab
                                    "," 100 West 23rd Street, New York, NY",Cuisines: ,,Cost for two:$15,-73.9931724,40.7428577,Mediterranean,New York
"Hummus & Pita Co.
                                    "," 616 8th Avenue, New York 10018",Cuisines: ,,Cost for two:$25,-73.9906592,40.7557131,Mediterranean,New York
"Tru Astoria
                                    "," 35-19 Ditmars Boulevard, Queens 11105",Cuisines: ,,Cost for two:$60,-73.908095,40.774609,Mediterranean,New York
"√áka ka Qellu
                                    "," 2321 Hughes Avenue, Bronx, NY 10458",Cuisines: ,,Cost for two:$25,-73.8882215,40.853927,Mediterranean,New York
"New York Falafel
                                    "," 127 Wyckoff Ave, Brooklyn, NY 11237",",",,Cost for two:$25,-73.9187482,40.7042533,Mediterranean,New York
"Zaghloul Grill
                                    "," 61 Anthony J Crecca Junior Plaza, New Dorp 10306",Cuisines: ,,Cost for two:$75,-74.1176875,40.5736815,Mediterranean,New York
"Hayaty
                                    "," 103 Avenue A, New York 10009",",",,Cost for two:$80,-73.9839516,40.7259217,Mediterranean,New York
"Adana Grill
                                    "," 723 3rd Avenue, New York 10017",Cuisines: ,,Cost for two:$35,-73.972657,40.7527781,Mediterranean,New York
"Cafe Noir
                                    "," 35 Lispenard Street, New York 10013",Cuisines: ,,Cost for two:$80,-74.00351,40.7200015,Mediterranean,New York
"Pi Bakerie
                                    ", 512 Broome Street 10013,",",3,Cost for two:$30,-74.0033422,40.723645,Mediterranean,New York
"Kilo No. 857
                                    "," 857 9th Avenue, New York 10019",7 votes,3.4,Cost for two:$60,-73.986653,40.7671347,Mediterranean,New York
"Taverna Kyclades
                                    "," 228 1st Avenue, New York 10009",4 votes,2.7,Cost for two:$80,-73.9825918,40.7310004,Mediterranean,New York
"Mini Star Restaurant
                                    "," 30-02 Steinway Street, Astoria 11103",5 votes,3.7,Cost for two:$25,-73.9152218,40.7638592,Mediterranean,New York
"A & S Greek Deli and Butcher
                                    "," 7918 5th Avenue, Brooklyn 11209",4 votes,3.6,Cost for two:$25,-74.024248,40.6261952,Mediterranean,New York
"Cafe 31 Sports Bar & Grill
                                    "," 220 W 31st Street, New York 10001",",",3.3,Cost for two:$75,-73.993108,40.7494712,Mediterranean,New York
"To Laiko
                                    "," 29-29 23rd Avenue, Queens 11105",0 votes,3.1,Cost for two:$20,-73.91295,40.7746252,Mediterranean,New York
"Sunflower Cafe
                                    "," 1223 Quentin Road, Brooklyn 11229",",",3.8,Cost for two:$50,-73.960242,40.6082417,Mediterranean,New York
"The Gavel Grill
                                    "," 9 Hyatt Street, Street. George 10301",",",3.8,Cost for two:$25,-74.0768044,40.6422101,Mediterranean,New York
"Bedford Cafe & Restaurant
                                    ", 1 Bedford Park Boulevard East 10468,7 votes,3.3,Cost for two:$25,-73.889101,40.8734788,Mediterranean,New York
"Nisi Estiatorio
                                    ", 302 Bleecker St 10014,Cuisines: ,,Cost for two:$60,-74.0039498,40.7324838,Mediterranean,New York
"Comme Ci Comme Ca
                                    "," Location Varies, New York",5 votes,3,Cost for two:$25,-74.0059728,40.7127753,Mediterranean,New York
"Teddy's Place
                                    ", 5 West 25th Street 07002,9 votes,3.5,Cost:$$$$,-74.1171586,40.6659151,Mediterranean,New York
"La Tapenade
                                    "," Newark Liberty International Airport, Newark 07114",Cuisines: ,,Cost:$$$$,-74.1744624,40.6895314,Mediterranean,New York
"Greek Village
                                    "," 211 Livingston St, Northvale 07647",33 votes,4,Cost:$$$$,-73.9488175,41.0076367,Mediterranean,New York
"Greek Taverna
                                    "," 175 Rock Rd, Glen Rock 07452",39 votes,3.5,Cost:$$$$,-74.1334197,40.9628233,Mediterranean,New York
"Varka Fishhouse
                                    "," 30 N Spruce St, Ramsey 07446",47 votes,3.6,Cost:$$$$,-74.140081,41.05873,Mediterranean,New York
"Gregorio's
                                    ", 255A Main Street 07928,17 votes,3.9,Cost:$$$$,-74.3827478,40.7406425,Mediterranean,New York
"Elia Taverna
                                    "," 502 New Rochelle Rd, Bronxville 10708",81 votes,4.9,Cost:$$$$,-73.8089233,40.9286904,Mediterranean,New York
"Summit Diner
                                    "," 1 Union Pl, Summit 07901",31 votes,3.8,Cost:$$$$,-74.3563418,40.7170308,Mediterranean,New York
"Dish Eatery
                                    "," 21-1 Fair Lawn Avenue, Fair Lawn 07410",Cuisines: ,,Cost:$$$$,-74.1211285,40.9393674,Mediterranean,New York
"Cracked Olive Market
                                    ", 37 Main Street 07733,Cuisines: ,,Cost:$$$$,-74.1853284,40.345437,Mediterranean,New York
"Greek City
                                    "," 1300 Route 17N, Ramsey 07446",27 votes,3.6,Cost:$$$$,-74.1387528,41.0724524,Mediterranean,New York
"Pompton Queen Diner
                                    "," Route 23 North, Pequannock Township 07444",34 votes,3.7,Cost:$$$$,-74.2970336,40.9777369,Mediterranean,New York
"Rosa Mexicano
                                    ", 61 Columbus Avenue 10023,442 votes,4.5,Cost for two:$70,-73.9827734,40.771079,Mexican,New York
"La Esquina
                                    "," 114 Kenmare Street, New York 10012",434 votes,4.4,Cost for two:$70,-73.9975945,40.7213987,Mexican,New York
"Toloache 50th
                                    ", 251 West 50th Street 10019,187 votes,4.3,Cost for two:$70,-73.9855741,40.7623091,Mexican,New York
"Dos Caminos
                                    ", 475 West Broadway 10012,",",4.2,Cost for two:$60,-73.999915,40.7266115,Mexican,New York
"El Centro
                                    "," 824 9th Avenue, New York 10019",150 votes,4.3,Cost for two:$60,-73.9868912,40.7660155,Mexican,New York
"Rocking Horse Caf√©
                                    "," 182 8th Avenue, New York 10011",115 votes,4.3,Cost for two:$70,-73.9999607,40.7429063,Mexican,New York
"Empellon Taqueria
                                    ", 230 West 4th Street 10014,",",3.9,Cost for two:$70,-74.0030683,40.734142,Mexican,New York
"Cascabel Taqueria
                                    ", 1556 2Nd Avenue 10028,110 votes,4.3,Cost for two:$60,-73.9540066,40.7743791,Mexican,New York
"Chavelas
                                    ", 736 Franklin Avenue 11238,",",4.6,Cost for two:$25,-73.9571292,40.6734632,Mexican,New York
"Caf√© Frida
                                    ", 368 Columbus Avenue 10024,116 votes,4,Cost for two:$60,-73.976464,40.7809766,Mexican,New York
"Tacombi at Fonda Nolita
                                    "," 267 Elizabeth Street, New York 10012",91 votes,4.2,Cost for two:$50,-73.9938613,40.7239981,Mexican,New York
"Cosme
                                    ", 35 East 21st Street 10010,40 votes,3.9,Cost for two:$100,-73.9883564,40.7395952,Mexican,New York
"Casa Enrique
                                    "," 5-48 49th Avenue, Queens 11101",42 votes,4.2,Cost for two:$70,-73.9542351,40.7433938,Mexican,New York
"5 Burro Cafe
                                    ", 72-05 Austin Street 11375,102 votes,4.4,Cost for two:$75,-73.8423707,40.7193534,Mexican,New York
"Barrio Chino
                                    "," 253 Broome Street, New York 10002",",",4.4,Cost for two:$75,-73.990097,40.7179754,Mexican,New York
"Cemita's
                                    "," 27 N 6th St, Brooklyn 11249",4 votes,3.1,Cost for two:$25,-73.9625832,40.7201762,Mexican,New York
"Pancho's restaurant
                                    "," 6823 3rd Avenue, Brooklyn 11220",3 votes,3.3,Cost for two:$25,-74.025787,40.6358005,Mexican,New York
"Atla
                                    "," 372 Lafayette St, New York City, NY, New York City",4 votes,2.9,Cost for two:$20,-73.9940491,40.7271217,Mexican,New York
"Habanero Blues
                                    ", 29 West 36th Street 10018,",",2.6,Cost for two:$60,-73.985069,40.7505665,Mexican,New York
"El Tenampa Deli Grocery
                                    "," 706 4th Avenue, New York 11232",2 votes,3.1,Cost for two:$25,-73.9963521,40.6624657,Mexican,New York
"Line Bagels
                                    "," 476 Smith Street, Brooklyn 11231",",",3.4,Cost for two:$25,-73.9978864,40.6749048,Mexican,New York
"Zefes Mexican Restaurant
                                    "," 1224 Myrtle Avenue, Brooklyn 11221",2 votes,3.4,Cost for two:$30,-73.9289785,40.6975133,Mexican,New York
"La Estrella Del Nuevo Milenio
                                    "," 352 E Gun Hill Rd, Bronx 10467",1 vote,3.1,Cost for two:$75,-73.8727635,40.8786039,Mexican,New York
"La Flor del Paraiso
                                    "," 520 3rd Avenue, Brooklyn 11215",2 votes,3.2,Cost for two:$50,-73.9927593,40.6696393,Mexican,New York
"Carmelita Deli & Grocery
                                    "," 780 4th Avenue, Brooklyn 11232",2 votes,3.3,Cost for two:$25,-73.9990493,40.659909,Mexican,New York
"Sunstone Tortillas Express
                                    "," 5411 5th Avenue, Brooklyn 11220",3 votes,3.4,Cost for two:$20,-74.0126878,40.6425232,Mexican,New York
"Taco-Landia
                                    "," 7704 Roosevelt Ave Ste D, Jackson Heights 11372",2 votes,3.3,Cost for two:$25,-73.8882749,40.7470538,Mexican,New York
"Taqueria Los Poblanos
                                    "," 733 Church Avenue, Brooklyn 11218",2 votes,3.4,Cost for two:$30,-73.9722209,40.6459334,Mexican,New York
"Tasty Deli
                                    "," 775 4th Avenue, Brooklyn 11232",2 votes,3.1,Cost for two:$25,-73.9986627,40.6594116,Mexican,New York
"Chapo's
                                    "," 1348 Forest Ave, Staten Island 10302",2 votes,3.2,Cost for two:$25,-74.1344222,40.6257857,Mexican,New York
"Green Rancho
                                    "," 741 9th Avenue, New York 10019",Cuisines: ,,Cost for two:$45,-73.989107,40.7637269,Mexican,New York
"New Yummy Taco
                                    "," 1106 8th Ave, Brooklyn 11215",Cuisines: ,,Cost for two:$10,-73.980558,40.6643814,Mexican,New York
"Antojitos Mexicanos Horchata Deli
                                    "," 9002 37th Avenue, Jackson Heights, NY 11372",Cuisines: ,,Cost for two:$15,-73.8767221,40.7504339,Mexican,New York
"Santa Clarita
                                    "," 237 Willis Avenue, Suite 2, Bronx, NY 10454",Cuisines: ,,Cost for two:$25,-73.9229331,40.8094409,Mexican,New York
"Sabor a Mexico
                                    "," 160 1st Avenue, New York 11232",Cuisines: ,,Cost for two:$25,-74.0128788,40.6566073,Mexican,New York
"Mirela's Place
                                    "," 3801 Vernon Boulevard, Queens 11101",Cuisines: ,,Cost for two:$30,-73.9441293,40.7591585,Mexican,New York
"Picante Picante
                                    ", 156 West 231st Street 10463,Cuisines: ,,Cost for two:$50,-73.9030453,40.8781356,Mexican,New York
"Mexico 2000 Grocery
                                    "," 367 Broadway, Brooklyn 11211",Cuisines: ,,Cost for two:$75,-73.9550207,40.7076264,Mexican,New York
"Los Pollitos III
                                    "," 499 Myrtle Avenue, Brooklyn, NY 11205",Cuisines: ,,Cost for two:$50,-73.9651648,40.693699,Mexican,New York
"Taco Bite
                                    "," Location Varies, New York 10019",Cuisines: ,,Cost for two:$20,-73.9918181,40.7686973,Mexican,New York
"Patron Mexican restaurant Inc
                                    "," 835 E 152nd St, Bronx, NY 10455",Cuisines: ,,Cost for two:$20,-73.9040823,40.815314,Mexican,New York
"Viva Mexico Mexican Cuisine
                                    "," 1577 St Nicholas Avenue, New York City",Cuisines: ,,Cost for two:$35,-73.9303711,40.8542085,Mexican,New York
"Mama Lita's
                                    "," 2558 Grand Concourse, Bronx 10458",Cuisines: ,,Cost for two:$20,-73.8955415,40.8637916,Mexican,New York
"Tequilaz Restaurant Lounge
                                    "," 3489 Jerome Avenue, Bronx, NY 10467",",",,Cost for two:$35,-73.8823466,40.8821103,Mexican,New York
"Fatty Daddy Taco
                                    ", 152 Smith Street 11201,Cuisines: ,,Cost for two:$25,-73.9907931,40.6865992,Mexican,New York
"Bar Verde
                                    "," 65 2nd Avenue, New York, NY 10003",",",,Cost for two:$45,-73.989775,40.726083,Mexican,New York
"Chela Modern Mexican
                                    ", 408 5th Avenue,Cuisines: ,,Cost for two:$35,-73.9831514,40.7503669,Mexican,New York
"Ola vivabar
                                    "," 453 E 78th Street, New York 10075",Cuisines: ,,Cost for two:$25,-73.9511136,40.7709198,Mexican,New York
"Lenita Restaurant
                                    "," 7 Hanover Square, New York, NY",Cuisines: ,,Cost for two:$35,-74.009493,40.7041411,Mexican,New York
"Al Horno
                                    "," 36 Lexington Avenue, New York City 10010",Cuisines: ,,Cost for two:$25,-73.9844978,40.7400693,Mexican,New York
"La Chona's Restaurant and Bar
                                    "," 38-07 Broadway, Long Island City, NY",",",,Cost for two:$40,-73.919296,40.759365,Mexican,New York
"Guadalupe Inn
                                    "," 1 Knickerbocker Avenue, Brooklyn, NY",Cuisines: ,,Cost for two:$45,-73.9316422,40.7077412,Mexican,New York
"Victoria's Pizzeria Restaurant
                                    "," 111-17 Roosevelt Avenue, Queens 11368",2 votes,3.5,Cost for two:$60,-73.8552722,40.7520333,Mexican,New York
"Taqueria Juarez
                                    "," 91-09 43 Avenue, Queens 11373",Cuisines: ,,Cost for two:$20,-73.8742384,40.7435622,Mexican,New York
"El Rico Tinto Bakery
                                    "," 76-07 37th Avenue, Jackson Heights 11372",",",,Cost for two:$25,-73.8896048,40.749357,Mexican,New York
"Tulcingo Bakery
                                    "," 40-36 National Street, Queens 11368",2 votes,3.6,Cost for two:$20,-73.8633288,40.7488198,Mexican,New York
"New Fresco Tortillas
                                    "," 63 Reade Street, New York 10007",Cuisines: ,,Cost for two:$40,-74.0066613,40.7147811,Mexican,New York
"Shaka Burrito
                                    "," 210 East 23rd Street, New York 10010",Cuisines: ,,Cost for two:$30,-73.9825668,40.7383416,Mexican,New York
"Paco's Tacos
                                    "," 1504 86th Street, Brooklyn 11228",Cuisines: ,,Cost for two:$40,-74.009532,40.6111192,Mexican,New York
"Giovanni Pizza Restaurant
                                    "," 4559 47th St, Woodside 11377",2 votes,3.3,Cost for two:$75,-73.9179587,40.7411629,Mexican,New York
"Italo Mex Pizza Dolceria
                                    "," 6689 Forest Ave, Ridgewood 11385",2 votes,2.7,Cost for two:$25,-73.9018414,40.7048855,Mexican,New York
"El Comal Jugeria & Taqueria
                                    "," 4711 5th Avenue, Brooklyn 11220",Cuisines: ,,Cost for two:$20,-74.0086578,40.646448,Mexican,New York
"Evacha's Coffee Shop
                                    "," 9327 Jamaica Avenue, Queens 11421",",",,Cost for two:$20,-73.8514055,40.6941132,Mexican,New York
"Siko Pizzeria & Taqueria
                                    "," 39-09 47th Avenue, Sunnyside 11104",Cuisines: ,,Cost for two:$20,-73.9260852,40.7421976,Mexican,New York
"La Newyorkina
                                    ", 61 Commerce Street 11231,",",,Cost for two:$15,-74.0078174,40.6802377,Mexican,New York
"Nick's Place
                                    "," 550 7th Avenue, New York 10018",2 votes,3.3,Cost for two:$25,-73.9884721,40.7544525,Mexican,New York
"149 Grill
                                    "," 355 East 149th Street, Bronx 10455",1 vote,3.3,Cost for two:$20,-73.9191501,40.8166903,Mexican,New York
"Cinco De Mayo
                                    "," 116 Broadway, Hillsdale 07642",2 votes,3.2,Cost:$$$$,-74.0404374,41.0031602,Mexican,New York
"Moe's southwest grill
                                    "," 380 Ridge Road, Mahwah 07430",9 votes,3.5,Cost:$$$$,-74.1644805,41.0786952,Mexican,New York
"Moe's southwest grill - Piscataway NJ
                                    "," 604 Bartholomew RD, Piscataway 08854",7 votes,3.4,Cost:$$$$,-74.4586309,40.5231103,Mexican,New York
"Jose's Mexican Cantina
                                    "," 125 Washington Valley Rd, Warren 07059",8 votes,3.5,Cost:$$$$,-74.5051967,40.6091603,Mexican,New York
"North of the Border
                                    "," 176 Monmouth St, Red Bank 07701",3 votes,3.3,Cost:$$$$,-74.0742106,40.348939,Mexican,New York
"El Gran Rodeo
                                    "," 390 North Ave, New Rochelle 10801",1 vote,2.9,Cost:$$$$,-73.7852233,40.9152469,Mexican,New York
"Acapulqueno Mexican Grill
                                    "," 571 Broadway, Long Branch 07740",9 votes,3.5,Cost:$$$$,-74.0017711,40.2999715,Mexican,New York
"Fiesta Mexicano Restaurant
                                    ", 468 Ashford Avenue 10502,4 votes,3.5,Cost:$$$$,-73.8486257,41.0120865,Mexican,New York
"El Rincon Colombiano
                                    "," 295 Parsippany Rd, Parsippany 07054",3 votes,3.2,Cost:$$$$,-74.4273272,40.8556633,Mexican,New York
"Same Burrito 9ine Mexican Restaurant
                                    "," 6005 Hudson Avenue, West New York 07093",Cuisines: ,,Cost:$$$$,-74.0124999,40.7874287,Mexican,New York
"Mariachi Loco Restaurant
                                    "," 394 Central Ave, White Plains 10606",11 votes,3.5,Cost:$$$$,-73.7868893,41.0324949,Mexican,New York
"Fiesta Mexican
                                    "," 342 George St, New Brunswick 08901",12 votes,3.3,Cost:$$$$,-74.4439757,40.4941436,Mexican,New York
"Qdoba Mexican Grill
                                    "," 16-31 New Jersey 208, Fair Lawn 07410",Cuisines: ,,Cost:$$$$,-74.1287913,40.9431067,Mexican,New York
"Taste of Mediterranean
                                    "," 2025 Paramus Park, Paramus 07652",Cuisines: ,,Cost:$$$$,-74.0688646,40.9566715,Mexican,New York
"El Picante Mexican Grill
                                    "," 299 S Broadway, Yonkers 10705",Cuisines: ,,Cost:$$$$,-73.8959434,40.9233841,Mexican,New York